device_id,latitude,longitude
ESKT23F30-18195,35.672228,139.841842
ESKT23F30-18196,35.777592,140.402289
ESKT23F30-18197,35.672303,139.841972
ESKT23F30-18199,35.672219,139.841919
ESKT23F30-18201,35.672217,139.842086
ESKT23F30-18205,36.464342,140.368861
ESKT23F30-18209,35.358333,137.019178
ESKT23F30-18210,34.998536,136.905536
ESKT23F30-18211,35.091914,138.922564
ESKT23F30-18213,36.326342,139.411842
ESKT23C07-17114,35.253744,136.875286
ESKT23D04-17196,35.685328,139.254439
ESKT23D04-17197,35.7705,139.867961
ESKT23D04-17220,36.789933,137.362644
ESKT23D04-17223,35.726294,140.668633
ESKT23C07-17107,35.67225,139.842117
ESKT23C07-17111,35.910069,136.168903
ESKT23C07-17113,36.159536,137.309767
ESKT23C07-17116,36.149211,139.845753
ESKT23C07-17136,34.704606,136.460178
ESKT23C06-17087,35.467683,139.445586
ESKT23C06-17097,36.543461,140.410353
ESKT23C06-17098,35.360572,139.462442
ESKT23B08-17070,35.453703,139.68965
ESKT23B08-17073,38.53965,140.949122
ESKT23B08-17074,38.539664,140.949211
ESKT23B08-17076,38.056678,140.809586
ESKT23B08-17084,35.467564,139.445539
ESKT23B06-17046,36.139861,137.22555
ESKT23B06-17047,36.755822,137.354692
ESKT23B06-17048,35.629344,139.787967
ESKT23B06-17050,35.822967,139.617575
ESKT23B06-17054,35.419347,140.081275
ESKT23B06-17056,35.687661,139.957244
ESKT23B06-17060,36.059692,136.217417
ESKT23A24-17031,35.189069,139.65345
ESKT23A24-17032,35.870586,140.03685
ESKT23A24-17033,43.829461,142.422903
ESKT23A24-17038,35.747444,138.446433
ESKT23A24-17039,36.679478,140.268067
ESKT23A20-17004,38.931531,141.031411
ESKT23A20-17005,35.613428,139.607697
ESKT23A20-17009,36.961875,137.662903
ESKT23A20-17017,35.511811,139.7903
ESKT23A20-17019,39.902053,141.468258
ESKT23A20-17021,36.486483,140.252117
ESKT22K15-16219,0.0,0.0
ESKT22K15-16220,35.953917,140.158567
ESKT22K15-16222,35.01345,137.200153
ESKT22K15-16223,0.0,0.0
ESKT22K15-16230,35.400175,139.394497
ESKT22K15-16233,35.88005,139.456531
ESKT22K15-16236,35.587608,138.054156
ESKT22K15-16237,35.445153,139.557192
ESKT22K15-16238,35.403275,139.546792
ESKT22K15-16241,36.7939,140.170558
ESKT22K15-16243,34.741403,136.4503
ESKT22J05-08197,36.1284,139.615608
ESKT22J05-08199,35.801667,140.161461
ESKT22J05-16202,35.113592,137.039011
ESKT22J05-16203,35.23825,136.877372
ESKT22J05-16204,34.695303,136.4301
ESKT22I07-08146,36.918186,140.003758
ESKT22I07-08149,35.336517,139.448219
ESKT22I07-08150,35.639642,139.741722
ESKT22I07-08152,35.398475,139.947311
ESKT22I07-08157,35.085819,137.035919
ESKT22I07-08159,35.195544,136.816175
ESKT22I07-08163,35.305328,139.832158
ESKT22I07-08170,35.631161,139.602028
ESKT22I07-08171,34.694672,136.430242
ESKT22I07-08181,35.287236,136.881208
ESKT22I07-08184,36.328453,139.841442
ESKT22H24-08061,0.0,0.0
ESKT22H24-08063,35.554194,138.054392
ESKT22H24-08064,35.637714,139.739992
ESKT22H24-08065,35.638114,139.741392
ESKT22H24-08068,34.637603,136.106811
ESKT22H24-08070,38.910278,141.035144
ESKT22H24-08071,35.271108,137.140767
ESKT22H24-08077,36.918194,140.003708
ESKT22H24-08078,37.785117,139.064444
ESKT22H24-08081,35.694411,139.947078
ESKT22H24-08084,35.587819,138.053619
ESKT22H24-08085,36.920917,137.557164
ESKT22H24-08087,35.446564,139.635042
ESKT22H24-08089,36.033856,140.216067
ESKT22H24-08090,35.623186,139.727983
ESKT22H24-08094,35.765461,139.421394
ESKT22H19-08021,35.726311,140.668625
ESKT22H19-08022,35.726344,140.668658
ESKT22H19-08023,36.69555,140.186622
ESKT22H19-08025,36.778536,140.202886
ESKT22H19-08026,38.133658,140.876778
ESKT22H19-08027,36.584828,138.8026
ESKT22H19-08028,38.525269,139.787392
ESKT22H19-08029,36.677786,140.217383
ESKT22H19-08030,35.021069,136.633231
ESKT22H19-08032,36.747603,137.205111
ESKT22H19-08033,35.401853,139.926772
ESKT22H19-08035,35.36055,139.462297
ESKT22H19-08040,35.652064,139.731689
ESKT22H19-08045,35.704139,139.818286
ESKT22H19-08048,35.088294,137.03555
ESKT22H19-08051,35.091786,138.923211
ESKT22H19-08052,35.251058,140.253236
ESKT22H19-08053,35.088158,137.035739
ESKT22H19-08056,34.993842,136.919892
ESKT22H19-08060,36.321019,139.289492
ESKT22H18-08003,35.226653,138.737967
ESKT22H18-08004,35.588208,138.048247
ESKT22H18-08007,35.40005,139.4124
ESKT22H18-08011,35.556133,139.74915
ESKT22H18-08016,35.396914,140.3254
ESKT22H08-14183,35.393958,140.280794
ESKT22H08-14185,35.814286,140.354692
ESKT22H08-14171,35.636025,139.738681
ESKT22G11-14146,35.119592,136.948844
ESKT22G11-14147,35.629464,139.788158
ESKT22G11-14149,40.280483,141.160139
ESKT22G11-14150,40.583989,140.943253
ESKT22G11-14156,35.602747,140.085158
ESKT22G11-14157,35.746894,140.797833
ESKT22G11-14159,35.669375,139.739761
ESKT22G11-14160,35.404306,139.5437
ESKT22G11-14161,35.997078,140.528831
ESKT22F15-14141,35.358828,137.018092
ESKT22E13-14109,36.117417,140.047042
ESKT22E13-14112,35.351681,139.561992
ESKT22E13-14115,34.484794,135.939133
ESKT22E13-14116,36.325511,139.412692
ESKT22E13-14117,35.39225,136.612408
ESKT22E13-14118,35.360436,139.462969
ESKT22E13-14119,35.596161,139.6377
ESKT22E13-14128,35.0889,136.809486
ESKT22E09-14096,36.229383,139.627658
ESKT22E09-14101,34.864003,136.441867
ESKT22D04-14051,35.884097,139.943944
ESKT22D04-14052,35.694833,139.946886
ESKT22D04-14054,36.685286,138.219633
ESKT22C30-13214,35.317814,139.628761
ESKT22C30-13215,36.903631,138.423167
ESKT22C30-13219,35.539428,140.113078
ESKT22C30-13224,35.481069,139.514472
ESKT22C30-13225,35.539453,140.113336
ESKT22C30-13231,35.7656,140.616847
ESKT22C30-13239,35.694683,139.946942
ESKT22C30-13240,35.834892,138.142728
ESKT22C30-13242,34.816669,136.920986
ESKT22C30-13244,34.998783,136.882458
ESKT22C04-13169,35.385947,139.960536
ESKT22C04-13170,35.315075,139.254683
ESKT22C04-13173,35.862492,137.990269
ESKT22C04-13176,35.687742,139.957247
ESKT22C04-13178,36.113983,136.226811
ESKT22C04-13184,35.498428,139.467978
ESKT22C04-13185,34.737786,136.247317
ESKT22C04-13189,35.575619,139.649767
ESKT22C04-13198,34.601653,136.092
ESKT22C04-13199,35.373708,139.653831
ESKT22C04-13202,35.359967,138.930303
ESKT22C04-13204,35.627053,139.783008
ESKT22B07-13148,36.215153,139.77865
ESKT22B07-13149,35.548892,139.513697
ESKT22B07-13151,35.510911,139.789253
ESKT22B07-13152,34.760836,136.5364
ESKT22B07-13154,35.091603,138.922478
ESKT22B07-13155,34.809378,138.023394
ESKT22B07-13159,35.920994,139.881522
ESKT22B07-13160,35.066442,136.735819
ESKT22B07-13161,35.681431,139.768044
ESKT22B07-13162,35.694767,139.946894
ESKT22B07-13163,35.956289,140.165539
ESKT22B07-13164,35.2386,139.0029
ESKT22A12-13033,34.586717,136.337164
ESKT22A12-13036,35.684433,139.938633
ESKT22A11-13005,35.381633,139.584333
ESKT22A11-13006,35.752186,140.610936
ESKT22A11-13007,35.694836,139.946856
ESKT22A11-13015,37.758864,140.340839
ESKT22A11-13026,35.222025,139.624133
ESKT22A11-13031,35.684172,139.938747
ESKT1J01-11190,35.899242,140.661061
ESKT21L06-12232,35.221261,139.623628
ESKT21L06-12233,35.672203,139.84225
ESKT21L06-12236,35.820414,139.614711
ESKT21L06-12238,35.152453,136.7818
ESKT21L06-12239,34.932008,137.033261
ESKT21L06-12240,35.846478,140.450533
ESKT21K29-12138,35.719247,140.789319
ESKT21K29-12139,35.895983,140.707753
ESKT21K29-12201,35.489158,139.505631
ESKT21K29-12204,35.961233,140.365683
ESKT21K29-12212,36.028594,136.412308
ESKT21K29-12214,35.909886,136.168819
ESKT21K29-12215,35.986392,138.148319
ESKT21K29-12216,35.382517,139.557064
ESKT21K29-12217,35.259708,140.222553
ESKT21K29-12220,35.759894,140.131556
ESKT21K02-12101,36.464125,140.602792
ESKT21K02-12102,37.755178,140.336675
ESKT21K02-12104,35.137019,137.071692
ESKT21K02-12114,0.0,0.0
ESKT21K02-12116,0.0,0.0
ESKT21K02-12127,35.352214,139.561153
ESKT21K02-12129,35.819111,140.403664
ESKT21K02-12130,35.467608,139.445656
ESKT21K02-1284,35.772658,138.389103
ESKT21K02-1287,35.473283,139.599425
ESKT21K02-1289,35.079275,136.639703
ESKT21J26-12079,36.353536,139.476817
ESKT1J05-12064,35.822981,139.617869
ESKT1J05-12065,35.6947,140.218478
ESKT1J05-12066,35.694714,140.218483
ESKT1J05-12067,36.142342,137.926736
ESKT1J05-12071,36.342864,139.317408
ESKT1J05-12072,35.693714,140.218639
ESKT1J01-11184,35.416661,137.023283
ESKT1J01-11187,35.446853,137.337639
ESKT1G15-11120,35.67225,139.842097
ESKT1I16-11174,34.980567,138.496411
ESKT1I16-11176,36.006344,140.308322
ESKT1I16-11182,35.277889,136.965058
ESKT1I16-11183,34.971628,136.988367
ESKT1I08-11135,36.778017,140.202867
ESKT1I08-11137,36.496475,139.832428
ESKT1I08-11139,35.890669,140.715625
ESKT1I08-11140,35.084925,136.762192
ESKT1I08-11146,36.789667,137.363244
ESKT1I08-11148,36.121128,137.844025
ESKT1I08-11151,35.688758,139.735364
ESKT1I08-11153,34.838628,136.476981
ESKT1I08-11154,35.555942,139.549678
ESKT1I08-11158,35.184642,137.003961
ESKT1I08-11159,36.000508,140.308956
ESKT1I08-11162,34.992644,137.110494
ESKT1H03-11124,36.321342,139.289408
ESKT1H03-11127,35.620086,139.457558
ESKT1H03-11131,35.359758,139.001825
ESKT1H03-11133,35.620033,139.457353
ESKT1G15-11106,34.980508,138.496561
ESKT1G15-11109,35.496475,137.443078
ESKT1G15-11119,36.685311,138.219544
ESKT1G05-11064,35.485467,139.581172
ESKT1G05-11066,35.456511,139.961361
ESKT1G05-11067,35.320867,136.704544
ESKT1G05-11072,36.87835,137.631506
ESKT1G05-11079,35.572206,140.175758
ESKT1G05-11082,35.823158,139.617353
ESKT1G05-11086,35.896311,138.384992
ESKT1G05-11090,35.536319,139.544375
ESKT1F11-11048,35.707083,139.928383
ESKT1F11-11052,35.439164,139.671494
ESKT1F11-11062,34.527619,136.533861
ESKT1F03-10234,35.553922,138.044769
ESKT1F03-10235,34.974606,136.592206
ESKT1F03-10236,35.36125,136.887528
ESKT1F03-10249,35.816019,139.995908
ESKT1F03-10250,35.801531,140.017153
ESKT1F03-11011,35.401792,139.399967
ESKT1F03-11022,36.306758,140.379525
ESKT1F03-11023,36.415694,139.697561
ESKT1F03-11025,35.799633,140.364681
ESKT1F03-11027,35.774192,140.402872
ESKT1F03-11028,35.813392,139.846669
ESKT1F03-11031,35.790417,138.42675
ESKT1F03-11032,35.912842,139.719661
ESKT1F03-11033,35.25455,138.687789
ESKT1F03-11035,35.424608,139.498817
ESKT1E20-10224,35.641619,139.328464
ESKT1E20-10232,35.208278,137.132639
ESKT1E20-10233,35.534619,139.538181
ESKT1D30-10215,34.691317,136.481047
ESKT1D30-10216,0.0,0.0
ESKT1D30-10218,0.0,0.0
ESKT1D30-10219,35.557475,139.735856
ESKT1D30-10220,35.680417,139.770278
ESKT1D30-10222,34.841908,138.224758
ESKT1D01-10159,34.773225,136.50555
ESKT1D01-10161,35.534817,139.538111
ESKT1D01-10162,35.694633,139.946931
ESKT1D01-10163,35.820517,137.996075
ESKT1D01-10164,35.112461,136.790286
ESKT1D01-10166,34.705294,137.860608
ESKT1D01-10172,36.138836,137.231625
ESKT1D01-10174,35.340992,136.519411
ESKT1D01-10179,35.531811,139.599844
ESKT1D01-10183,35.5829,139.809508
ESKT1D01-10187,35.588347,139.525844
ESKT1D01-10192,35.83395,140.494333
ESKT1D01-10199,35.534572,139.538178
ESKT1D01-10201,35.713819,138.518586
ESKT1D01-10204,35.440422,137.120731
ESKT1C02-10014,35.128753,136.938469
ESKT1C02-10016,35.877567,138.233106
ESKT1C02-10018,35.888725,140.723997
ESKT1C02-10019,35.521917,139.643856
ESKT1C02-10033,36.951611,137.563819
ESKT1C03-10038,35.648367,139.709567
ESKT1C03-10042,35.726294,140.668658
ESKT1C03-10045,35.678153,139.768994
ESKT1C03-10046,35.690875,139.697825
ESKT1C02-09179,36.057578,138.143233
ESKT1C02-09183,35.626811,140.256194
ESKT1C02-09186,36.6698,137.160119
ESKT1C02-09188,35.373125,139.654744
ESKT1C02-09189,36.775417,137.457286
ESKT1C02-09243,35.954081,140.159361
ESKT1C02-09248,37.452125,140.253194
ESKT1C02-09250,35.532011,137.955583
ESKT1C02-10001,36.463986,140.602358
ESKT1C02-10005,35.520583,139.643492
ESKT1C01-09169,35.685508,139.642625
ESKT1B24-09165,35.494881,139.345211
ESKT1B01-09133,35.516839,140.140708
ESKT1B01-09136,0.0,0.0
ESKT1B01-09141,35.2262,138.738081
ESKT1B01-09143,35.747425,138.445975
ESKT1B01-09157,35.445211,139.496656
ESKT1B01-09160,35.744872,139.630833
ESKT1A25-09122,37.757011,140.341228
ESKT1A25-09123,37.751314,140.342364
ESKT1A25-09124,0.0,0.0
ESKT1A07-09082,35.582269,138.039383
ESKT1A07-09085,35.091872,138.92305
ESKT1A07-09087,0.0,0.0
ESKT1A07-09088,35.694744,139.946883
ESKT1A07-09092,35.700092,140.563417
ESKT1A07-09093,35.136803,136.769678
ESKT1A07-09096,35.670728,139.756833
ESKT1A07-09099,35.706342,139.661792
ESKT1A07-09110,0.0,0.0
ESKT0K30-09055,34.808839,138.023886
ESKT0K30-09057,35.703381,140.302419
ESKT0K30-09062,34.588439,136.081508
ESKT0K30-09066,35.614183,138.063153
ESKT0K02-09004,34.69915,136.378911
ESKT0K02-09007,36.730775,137.183344
ESKT0K02-09009,35.700089,139.947983
ESKT0K02-09010,35.44915,139.671003
ESKT0K02-09012,35.694619,139.946953
ESKT0K02-09015,35.114797,136.736647
ESKT0K02-09016,34.738386,137.853281
ESKT0K02-09020,35.226825,138.737978
ESKT0K02-09022,35.935147,139.938842
ESKT0K02-09024,35.498531,139.772219
ESKT0K02-09025,35.590244,140.329417
ESKT0K02-09027,0.0,0.0
ESKT0K02-09030,35.380861,137.762211
ESKT0K02-09031,35.726319,140.668556
ESKT0K02-09041,35.670833,140.145669
ESKT0K02-09044,35.704,137.890708
ESKT0K02-09045,34.068019,136.205228
ESKT0K02-09046,35.296642,139.167783
ESKT0I07-07185,0.0,0.0
ESKT0I07-07186,36.457094,138.18525
ESKT0I07-07187,35.784494,140.724308
ESKT0I07-07188,36.057708,139.555783
ESKT0I07-07189,35.187842,139.137011
ESKT0I07-07192,0.0,0.0
ESKT0I07-07195,35.611261,140.117478
ESKT0I07-07200,35.515325,139.461231
ESKT0I07-07203,35.791264,140.147733
ESKT0H04-07107,35.064625,136.7905
ESKT0H04-07110,35.089244,136.8313
ESKT0H04-07123,35.832758,140.4932
ESKT0H04-07124,35.091842,138.922406
ESKT0H04-07125,35.684019,139.71965
ESKT0H04-07126,36.797086,140.748097
ESKT0H04-07127,35.091706,138.922544
ESKT0H04-07130,35.820417,139.614353
ESKT0H04-07137,41.387983,141.127931
ESKT0H04-07141,40.791814,140.749433
ESKT0H04-07142,36.74445,140.6875
ESKT0H04-07145,36.846703,137.479494
ESKT0H04-07146,34.6967,136.340075
ESKT0H04-07147,35.780592,138.416256
ESKT0H04-07150,35.691442,139.699472
ESKT0H04-07152,35.670772,139.756397
ESKT0H04-07154,0.0,0.0
ESKT0H04-07157,36.925433,137.539708
ESKT0H04-07160,34.742894,137.428194
ESKT0H04-07161,36.19245,139.797108
ESKT0H04-07164,36.139356,138.122758
ESKT0H04-07165,35.563781,139.357136
ESKT0H04-07175,34.938294,136.986094
ESKT0H04-07177,35.402628,138.443511
ESKT0F10-07089,35.631011,140.25425
ESKT0F10-07068,35.482219,139.656281
ESKT0F10-07069,36.179425,139.862789
ESKT0F10-07072,37.243494,140.991794
ESKT0F10-07073,35.584783,138.751125
ESKT0F10-07075,35.615,138.609911
ESKT0F10-07076,35.294697,136.809583
ESKT0F10-07087,35.694142,139.947269
ESKT0F10-07090,35.858533,139.713256
ESKT0F10-07099,35.921264,139.470203
ESKT0E22-07016,0.0,0.0
ESKT0E22-07017,35.490292,137.703314
ESKT0E22-07019,35.999119,136.213858
ESKT0E22-07020,35.823003,139.618011
ESKT0E22-07025,35.608267,139.734047
ESKT0E22-07026,36.705203,140.695125
ESKT0E22-07030,35.402861,139.544328
ESKT0E22-07034,35.361125,136.887956
ESKT0E22-07036,35.200792,136.983183
ESKT0E22-07041,24.768117,141.312728
ESKT0E22-07044,35.575469,139.649692
ESKT0E22-07052,36.561006,138.849478
ESKT0E22-07054,35.613428,139.606753
ESKT0C16-06201,35.901417,137.819353
ESKT0C16-06202,36.094194,137.961081
ESKT0C16-06206,35.309553,136.701469
ESKT0C16-06211,35.382578,136.6731
ESKT0C16-06214,35.417611,139.4006
ESKT0C16-06217,35.284714,136.741186
ESKT0C16-06231,0.0,0.0
ESKT0C16-06236,34.789333,136.435231
ESKT0C16-06242,35.107467,136.762475
ESKT0C16-06244,36.015242,140.039481
ESKT0C16-07006,36.157272,139.853903
ESKT0C16-07008,34.986042,139.845619
ESKT0C05-06144,35.610925,139.468364
ESKT0C05-06145,35.672319,140.352586
ESKT0C05-06146,35.811953,139.886561
ESKT0C05-06148,35.574744,139.513483
ESKT0C05-06150,35.32715,136.778983
ESKT0C05-06151,35.300322,137.167056
ESKT0C05-06155,36.700708,137.243875
ESKT0C05-06156,35.818156,139.612597
ESKT0C05-06158,36.067142,139.87155
ESKT0C05-06159,35.586836,139.725936
ESKT0C05-06171,35.562192,139.528906
ESKT0C05-06176,36.244867,138.001167
ESKT0C05-06179,34.990753,136.548558
ESKT0C05-06185,35.478936,139.509394
ESKT0C05-06189,36.061403,138.143058
ESKT0C05-06190,0.0,0.0
ESKT0C05-06194,35.516917,140.140822
ESKT0C05-06195,35.87985,138.2347
ESKT0C05-06198,36.592492,139.829586
ESKT0B05-06110,35.726558,140.607106
ESKT0B05-06111,35.654072,139.738278
ESKT0B05-06114,0.0,0.0
ESKT0B05-06118,35.820161,140.076086
ESKT0B05-06121,36.142544,137.926919
ESKT0B05-06131,40.859667,141.334633
ESKT0B05-06137,35.6247,139.607103
ESKT0B05-06138,34.994283,136.628469
ESKT0B05-06140,35.561053,138.959883
ESKT0B05-06142,34.529278,136.530864
ESKT0A16-06095,35.570908,139.504942
ESKT0A16-06100,35.492511,137.771953
ESKT0A16-06101,35.546492,140.184119
ESKT0A16-06104,35.843811,139.791592
ESKT0A16-06105,0.0,0.0
ESKT0A08-06017,35.550747,140.239767
ESKT0A08-06018,0.0,0.0
ESKT0A08-06020,35.500186,139.668378
ESKT0A08-06021,41.0864,141.385414
ESKT0A08-06022,35.681744,139.768953
ESKT0A08-06023,35.958933,138.484369
ESKT0A08-06031,35.613925,139.622653
ESKT0A08-06035,35.143447,140.280708
ESKT0A08-06040,35.560783,139.520808
ESKT0A08-06041,35.439683,139.671617
ESKT0A08-06043,35.568711,139.767186
ESKT0A08-06053,35.056217,137.119683
ESKT0A08-06060,35.254661,138.687267
ESKT0A08-06063,36.108761,137.214128
ESKT0A08-06065,35.777975,138.416453
ESKT0A08-06066,36.172925,139.859261
ESKT0A08-06068,36.172981,139.858878
ESKT0A08-06084,36.780606,137.459953
ESKT0A08-06089,36.139036,137.226294
ESKT9K06-05175,35.013192,136.531939
ESKT9K06-05181,34.863592,136.442347
ESKT9K06-05189,35.611244,140.117419
ESKT9K06-05190,0.0,0.0
ESKT9K06-05195,35.399886,140.321836
ESKT9J17-05155,34.746156,136.412167
ESKT9J17-05161,35.481911,140.146953
ESKT9J17-05164,36.149436,139.845836
ESKT9J03-05089,35.068986,138.485339
ESKT9J03-05091,35.703517,138.429067
ESKT9J03-05093,36.036919,136.112022
ESKT9J03-05094,0.0,0.0
ESKT9J03-05111,35.354608,139.099569
ESKT9J03-05116,34.880214,136.622694
ESKT9J03-05119,35.756594,139.503169
ESKT9J03-05120,35.654153,139.738011
ESKT9J03-05127,35.522169,139.644292
ESKT9G27-04247,35.856203,139.622028
ESKT9G27-04249,0.0,0.0
ESKT9I27-05054,35.560358,137.888597
ESKT9I27-05056,35.196619,137.044036
ESKT9I27-05068,36.853061,137.421844
ESKT9I27-05073,35.684786,139.9453
ESKT9I27-05078,0.0,0.0
ESKT9I27-05079,0.0,0.0
ESKT9I12-05012,34.868464,136.548428
ESKT9I12-05020,35.458728,140.092978
ESKT9I12-05021,35.457289,140.093153
ESKT9I12-05027,35.480878,139.652697
ESKT9I12-05032,0.0,0.0
ESKT9I12-05033,35.629419,139.788228
ESKT9I11-05005,35.776564,139.593531
ESKT9I11-05007,0.0,0.0
ESKT9H19-04237,35.285411,136.836214
ESKT9H19-04238,40.859644,141.329908
ESKT9H19-04246,0.0,0.0
ESKT9G26-04199,0.0,0.0
ESKT9G26-04200,35.15055,138.824081
ESKT9G26-04214,37.902344,140.770603
ESKT9G26-04223,0.0,0.0
ESKT9G26-04235,0.0,0.0
ESKT9G19-04117,35.697689,139.400289
ESKT9G19-04119,35.677161,139.373553
ESKT9G19-04120,0.0,0.0
ESKT9G19-04124,36.309519,139.446961
ESKT9G19-04126,35.529667,140.234283
ESKT9G12-04063,35.673122,139.745958
ESKT9G12-04075,36.3874,139.600758
ESKT9G05-04029,36.137394,137.225425
ESKT9G05-04033,35.721839,139.818578
ESKT9G05-04035,35.044108,138.490769
ESKT9G05-04041,36.261706,140.493308
ESKT9G05-04043,36.464264,140.370219
ESKT9G05-04044,35.584019,138.017803
ESKT9G05-04045,36.733703,137.211536
ESKT9G04-03210,0.0,0.0
ESKT9G04-03214,35.552533,139.5616
ESKT9G04-03215,0.0,0.0
ESKT9G04-03226,36.592525,140.068903
ESKT9F28-03167,35.213233,137.065583
ESKT9F28-03177,35.246853,136.704461
ESKT9F28-03179,34.996258,136.925425
ESKT9F28-03182,35.342706,136.645711
ESKT9F28-03183,0.0,0.0
ESKT9F28-03184,35.334353,136.667831
ESKT9F28-03186,36.090964,140.178444
ESKT9F28-03193,35.869028,139.890844
ESKT9F28-03195,35.634111,139.716067
ESKT9E31-03078,35.606606,138.049975
ESKT9E31-03080,35.180542,136.749817
ESKT9E31-03085,35.158928,137.092233
ESKT9E31-03089,36.159403,137.30965
ESKT9E31-03096,35.639833,139.741936
ESKT9E31-03097,35.497711,140.1456
ESKT9E31-03102,34.828783,138.245267
ESKT9E31-03107,0.0,0.0
ESKT9E31-03108,0.0,0.0
ESKT9E30-03057,35.207561,137.131572
ESKT9E30-03059,35.504664,140.034325
ESKT9E30-03062,35.861836,140.190239
ESKT9E30-03064,35.986864,136.127378
ESKT9E30-03046,35.671058,139.757536
KATO-4TEST,0.0,0.0
ESKT9E28-03019,36.750419,137.111378
ESKT9E14-02225,35.611022,140.117653
ESKT9E14-02226,35.778147,139.917417
ESKT9E14-02235,35.172664,136.806486
ESKT9D08-02160,0.0,0.0
ESKT9D08-02201,35.137108,137.0713
ESKT9D08-02206,0.0,0.0
ESKT9D08-02207,0.0,0.0
ESKT9D08-02216,35.324408,136.887769
ESKT9D08-02217,35.198931,136.78715
ESKT9D08-02221,35.956281,140.165644
ESKT9C07-02061,0.0,0.0
ESKT9C07-02062,0.0,0.0
ESKT9C07-02064,0.0,0.0
ESKT9C07-02073,35.064617,136.790456
ESKT9C07-02074,0.0,0.0
ESKT9C07-02083,0.0,0.0
ESKT9C07-02084,0.0,0.0
ESKT9C07-02086,35.136936,137.071422
ESKT9C07-02090,0.0,0.0
ESKT9C07-02091,36.220378,139.892181
ESKT9C07-02094,0.0,0.0
ESKT9C07-02098,35.651131,139.692164
ESKT9C07-02108,0.0,0.0
ESKT9C07-02112,35.254286,137.139081
ESKT9C07-02122,0.0,0.0
ESKT9C07-02139,0.0,0.0
ESKT9C07-02141,0.0,0.0
ESKT9C07-02144,35.091806,138.923286
ESKT9C07-02146,0.0,0.0
ESKT7G27-10131,35.866661,138.020011
ESKT9B15-02036,0.0,0.0
ESKT9B15-02039,35.434239,140.369631
ESKT9B15-02053,0.0,0.0
ESKT9B15-02054,0.0,0.0
ESKT9B15-02057,36.241444,137.945925
ESKT9B15-02058,35.575733,139.649178
ESKT9B15-02059,35.294736,136.809558
ESKT9B13-14049,0.0,0.0
ESKT9B13-14050,0.0,0.0
ESKT9B13-14051,0.0,0.0
ESKT9B13-14053,0.0,0.0
ESKT9B07-02002,0.0,0.0
ESKT9B07-02003,0.0,0.0
ESKT9B07-02004,35.226361,136.934425
ESKT9B07-02006,0.0,0.0
ESKT9B07-02009,0.0,0.0
ESKT9B07-02012,35.402014,139.475436
ESKT9B07-02014,0.0,0.0
ESKT9B07-02025,35.759761,140.131228
ESKT9B07-01249,0.0,0.0
ESKT8K01-13239,35.903031,138.116867
ESKT9A15-01205,0.0,0.0
ESKT9A15-01215,0.0,0.0
ESKT9A15-01221,35.459964,139.995072
ESKT9A15-01225,0.0,0.0
ESKT9A15-01229,0.0,0.0
ESKT9A15-01234,35.149244,136.906261
ESKT9A15-01237,0.0,0.0
ESKT9A15-14029,0.0,0.0
ESKT9A15-14035,0.0,0.0
ESKT9A15-14044,0.0,0.0
ESKT9A15-14046,0.0,0.0
ESKT8L18-01181,34.682811,136.427028
ESKT8L18-01183,0.0,0.0
ESKT8L18-01192,0.0,0.0
ESKT8L05-01152,35.354481,139.557547
ESKT8L05-01155,35.442353,139.629339
ESKT8L05-01159,35.280642,136.7969
ESKT8L05-01162,34.926797,137.165192
ESKT8L05-01164,0.0,0.0
ESKT8L05-01167,34.692467,136.509583
ESKT8L05-14013,35.248044,140.262539
ESKT8L05-14015,35.753336,139.958764
ESKT8L05-14017,0.0,0.0
ESKT8L05-14018,35.606269,138.710011
ESKT8L05-14019,0.0,0.0
ESKT8L05-14022,35.705908,139.536078
ESKT8L05-14028,0.0,0.0
ESKT8J12-01070,0.0,0.0
ESKT8K08-01142,0.0,0.0
ESKT8L13-01175,35.703336,140.303044
ESKT8K01-01109,36.364983,136.513825
ESKT8K01-01110,35.370869,140.291736
ESKT8K01-13243,0.0,0.0
ESKT8K01-13247,0.0,0.0
ESKT8K01-13249,0.0,0.0
ESKT8K01-13250,0.0,0.0
ESKT8K01-14001,0.0,0.0
ESKT8K01-14002,0.0,0.0
ESKT8K01-14004,0.0,0.0
ESKT8J31-01089,0.0,0.0
ESKT8J31-01095,0.0,0.0
ESKT8H17-13150,0.0,0.0
ESKT8H17-13151,0.0,0.0
ESKT8L13-01173,0.0,0.0
ESKT8J12-01065,0.0,0.0
ESKT8J12-01076,0.0,0.0
ESKT8J12-13235,35.681667,139.624947
ESKT8I19-01009,0.0,0.0
ESKT8I19-01015,0.0,0.0
ESKT8I19-01005,0.0,0.0
ESKT8I19-01006,0.0,0.0
ESKT8I19-01002,0.0,0.0
ESKT8I19-01003,0.0,0.0
ESKT8I19-13218,0.0,0.0
ESKT8J01-13226,0.0,0.0
ESKT8I19-13209,0.0,0.0
ESKT8I19-13214,0.0,0.0
ESKT8I19-01004,0.0,0.0
ESKT8I19-01007,34.052783,136.201106
ESKT8I19-01012,0.0,0.0
ESKT8I19-01013,35.448731,137.069578
ESKT8I19-01020,0.0,0.0
ESKT8I19-01054,0.0,0.0
ESKT8I19-01058,0.0,0.0
ESKT8I10-13192,0.0,0.0
ESKT8I10-13193,0.0,0.0
ESKT8I10-13198,0.0,0.0
ESKT8I07-13180,0.0,0.0
ESKT8I07-13188,0.0,0.0
ESKT8H23-13153,36.565531,139.771081
ESKT8H23-13157,35.83075,138.470133
ESKT8H23-13160,35.399225,139.393994
ESKT8H23-13166,0.0,0.0
ESKT8H23-13169,0.0,0.0
ESKT8H17-13139,0.0,0.0
ESKT8H17-13141,0.0,0.0
ESKT8H17-13143,0.0,0.0
ESKT8H17-13145,0.0,0.0
ESKT8H17-13148,0.0,0.0
ESKT8H17-13149,0.0,0.0
ESKT7J20-11124,35.684517,139.936975
ESKT8H02-13094,35.700733,137.929192
ESKT8H02-13113,35.629544,138.590803
ESKT8H02-13114,0.0,0.0
ESKT8G30-13090,35.403661,139.553014
ESKT8E14-12215,0.0,0.0
ESKT8G12-13057,0.0,0.0
ESKT8G12-13059,0.0,0.0
ESKT8G12-13061,35.568258,137.895994
ESKT8G12-13066,35.498706,139.772039
ESKT8G12-13071,0.0,0.0
ESKT8G12-13073,0.0,0.0
ESKT8G12-13075,0.0,0.0
ESKT8G12-13076,0.0,0.0
ESKT8G12-13077,0.0,0.0
ESKT8G05-13032,35.694658,139.947167
ESKT8G05-13037,35.826506,139.838889
ESKT8G05-13041,0.0,0.0
ESKT8G05-13045,35.498867,139.771981
ESKT8F15-13021,0.0,0.0
ESKT8F15-13022,0.0,0.0
ESKT8F15-13024,34.987244,136.998278
ESKT8F14-12247,0.0,0.0
ESKT8F14-12250,0.0,0.0
ESKT8F14-13005,35.726303,140.668669
ESKT8F05-12219,0.0,0.0
ESKT8F05-12220,36.296669,137.945911
ESKT8F05-12221,0.0,0.0
ESKT8F05-12222,0.0,0.0
ESKT8F05-12223,35.629636,138.591411
ESKT8F05-12227,0.0,0.0
ESKT8E14-12187,35.610656,139.332208
ESKT8E14-12188,35.975911,137.985892
ESKT8E14-12189,35.700228,140.563219
ESKT8E14-12190,35.6999,140.563122
ESKT8E14-12194,35.799686,140.365675
ESKT8E14-12195,0.0,0.0
ESKT8E14-12198,35.48205,139.655956
ESKT8E14-12204,0.0,0.0
ESKT8E14-12207,0.0,0.0
ESKT8E14-12208,0.0,0.0
ESKT8E14-12210,0.0,0.0
ESKT8E14-12214,35.574508,139.513367
ESKT8D09-12148,35.865458,137.939228
ESKT8D09-12161,35.645708,138.057969
ESKT8D09-12164,35.671125,140.145836
ESKT8D09-12165,0.0,0.0
ESKT8D09-12168,0.0,0.0
ESKT8D09-12170,0.0,0.0
ESKT8D09-12171,0.0,0.0
ESKT8D09-12174,0.0,0.0
ESKT8D09-12178,0.0,0.0
ESKT8D09-12179,35.690181,140.290333
ESKT8D09-12180,0.0,0.0
ESKT8D09-12181,0.0,0.0
ESKT8D09-12182,0.0,0.0
ESKT8L05-01169,0.0,0.0
ESKT8B23-12060,0.0,0.0
ESKT8C12-12105,0.0,0.0
ESKT8C12-12110,0.0,0.0
ESKT8C12-12114,0.0,0.0
ESKT8C12-12115,0.0,0.0
ESKT8C12-12116,35.588411,139.525914
ESKT8C12-12117,35.348969,139.898803
ESKT8C12-12118,0.0,0.0
ESKT8C12-12119,0.0,0.0
ESKT8C12-12120,0.0,0.0
ESKT8C12-12121,0.0,0.0
ESKT8C12-12123,0.0,0.0
ESKT8C12-12135,0.0,0.0
ESKT8C12-12139,0.0,0.0
ESKT8C07-12065,0.0,0.0
ESKT8C07-12066,0.0,0.0
ESKT8C07-12071,35.158431,136.971983
ESKT8C07-12073,0.0,0.0
ESKT8C07-12076,35.482289,140.121886
ESKT8C07-12077,0.0,0.0
ESKT8C07-12079,0.0,0.0
ESKT8C07-12080,0.0,0.0
ESKT8C07-12081,35.526925,139.742169
ESKT8C07-12094,35.765819,140.617189
ESKT8C07-12095,35.856511,137.710975
ESKT8C07-12097,35.657617,139.725367
ESKT8C07-12100,0.0,0.0
ESKT8B23-12059,0.0,0.0
ESKT8B23-12031,0.0,0.0
ESKT8B23-12040,0.0,0.0
ESKT8B23-12047,0.0,0.0
ESKT8B23-12052,0.0,0.0
ESKT8A17-11218,0.0,0.0
ESKT8A17-11220,0.0,0.0
ESKT8A17-11223,35.8581,139.848775
ESKT8A17-11226,37.461489,140.296978
ESKT8A17-11243,0.0,0.0
ESKT8A17-11244,0.0,0.0
ESKT8A17-11245,0.0,0.0
ESKT8A17-11249,0.0,0.0
ESKT8A17-11250,0.0,0.0
ESKT8A17-12008,0.0,0.0
ESKT8A17-12014,0.0,0.0
ESKT8A17-12019,0.0,0.0
ESKT8A17-12020,0.0,0.0
ESKT8A17-12022,0.0,0.0
ESKT6I16-05230,35.609906,140.283375
ESKT7L06-11204,0.0,0.0
ESKT7L06-11211,0.0,0.0
ESKT7L06-11213,0.0,0.0
ESKT7L06-11183,0.0,0.0
ESKT7L06-11185,0.0,0.0
ESKT7L06-11187,0.0,0.0
ESKT7L06-11191,0.0,0.0
ESKT7L06-11193,0.0,0.0
ESKT7L06-11194,35.680744,139.777267
ESKT7L06-11195,0.0,0.0
ESKT7L06-11200,35.800636,140.017319
ESKT7G27-10168,35.523967,139.397242
ESKT7K07-11130,0.0,0.0
ESKT7K07-11147,0.0,0.0
ESKT7K07-11151,0.0,0.0
ESKT7K07-11153,37.671861,140.985406
ESKT7K07-11154,0.0,0.0
ESKT7K07-11157,0.0,0.0
ESKT7K07-11159,0.0,0.0
ESKT7K07-11160,0.0,0.0
ESKT7K07-11167,0.0,0.0
ESKT7K07-11169,35.3225,139.904372
ESKT7K07-11170,0.0,0.0
ESKT7K07-11172,0.0,0.0
ESKT7K07-11174,35.782769,140.405917
ESKT7I01-11011,0.0,0.0
ESKT7B09-08008,0.0,0.0
ESKT7H28-10192,0.0,0.0
ESKT7G27-10098,0.0,0.0
ESKT7G27-10099,0.0,0.0
ESKT7G27-10113,0.0,0.0
ESKT7H31-10219,0.0,0.0
ESKT7H28-10190,0.0,0.0
ESKT7H28-10209,35.397969,139.947286
ESKT7H31-10220,35.398444,139.947339
ESKT8F05-12237,0.0,0.0
ESKT7B09-08007,0.0,0.0
ESKT7I11-11085,35.5205,139.357567
ESKT7I11-11086,35.520386,139.357728
ESKT7I11-11094,0.0,0.0
ESKT7I11-11107,35.638183,139.739917
ESKT7I11-11109,0.0,0.0
ESKT7I11-11116,0.0,0.0
ESKT7I11-11119,0.0,0.0
ESKT7I11-11120,35.627036,139.783028
ESKT7I04-11047,0.0,0.0
ESKT7I04-11050,0.0,0.0
ESKT7I04-11054,0.0,0.0
ESKT7I04-11055,0.0,0.0
ESKT7I04-11056,0.0,0.0
ESKT7I04-11057,0.0,0.0
ESKT7I04-11058,0.0,0.0
ESKT7I04-11060,0.0,0.0
ESKT7I04-11061,0.0,0.0
ESKT7I04-11062,0.0,0.0
ESKT7I04-11068,0.0,0.0
ESKT7I04-11069,0.0,0.0
ESKT7I04-11070,0.0,0.0
ESKT7I04-11071,0.0,0.0
ESKT7I04-11074,0.0,0.0
ESKT7I01-11002,0.0,0.0
ESKT7I01-11004,0.0,0.0
ESKT7I01-11006,35.574639,139.513406
ESKT7I01-11007,0.0,0.0
ESKT7I01-11012,35.823658,140.382242
ESKT7I01-11013,0.0,0.0
ESKT7I01-11018,35.440539,139.687125
ESKT7I01-11020,0.0,0.0
ESKT7I01-11022,0.0,0.0
ESKT7I01-11023,0.0,0.0
ESKT7I01-11028,36.150817,137.941383
ESKT7I01-11029,0.0,0.0
ESKT7I01-11031,0.0,0.0
ESKT7I01-11034,0.0,0.0
ESKT7I01-11035,0.0,0.0
ESKT7I01-11036,0.0,0.0
ESKT7H31-10211,0.0,0.0
ESKT7H31-10215,0.0,0.0
ESKT7H31-10216,0.0,0.0
ESKT7H31-10217,0.0,0.0
ESKT7H31-10226,0.0,0.0
ESKT7H31-10228,0.0,0.0
ESKT7H31-10237,35.516869,140.140719
ESKT7H31-10238,0.0,0.0
ESKT7H31-10239,35.906881,137.814481
ESKT7H31-10240,0.0,0.0
ESKT7H31-10243,35.402708,138.443517
ESKT7H31-10244,35.469547,139.678717
ESKT7H31-10245,0.0,0.0
ESKT7H31-10248,35.511,139.589736
ESKT7B09-08005,0.0,0.0
ESKT7H28-10171,0.0,0.0
ESKT7H28-10175,0.0,0.0
ESKT7H28-10182,0.0,0.0
ESKT7H28-10183,0.0,0.0
ESKT7H28-10184,0.0,0.0
ESKT7H28-10188,0.0,0.0
ESKT7H28-10191,0.0,0.0
ESKT7H28-10193,0.0,0.0
ESKT7H28-10198,0.0,0.0
ESKT7H28-10200,0.0,0.0
ESKT7H28-10202,0.0,0.0
ESKT7H28-10206,0.0,0.0
ESKT7B09-08006,0.0,0.0
ESKT7B09-08022,0.0,0.0
ESKT7B09-08021,0.0,0.0
ESKT7G27-10083,0.0,0.0
ESKT7G27-10086,0.0,0.0
ESKT7G27-10088,0.0,0.0
ESKT7G27-10106,0.0,0.0
ESKT7G27-10107,0.0,0.0
ESKT7G27-10112,0.0,0.0
ESKT7G27-10117,0.0,0.0
ESKT7G27-10118,0.0,0.0
ESKT7G27-10119,0.0,0.0
ESKT7G27-10121,0.0,0.0
ESKT7G27-10123,0.0,0.0
ESKT7G27-10124,0.0,0.0
ESKT7G27-10125,0.0,0.0
ESKT7G27-10127,35.442433,139.418283
ESKT7G27-10128,0.0,0.0
ESKT7G27-10130,0.0,0.0
ESKT7G27-10151,0.0,0.0
ESKT7G27-10155,0.0,0.0
ESKT7G27-10158,35.291408,139.147153
ESKT7G27-10160,0.0,0.0
ESKT7G27-10163,0.0,0.0
ESKT7F07-09120,0.0,0.0
ESKT7G12-10041,0.0,0.0
ESKT7G12-10042,35.822881,139.140692
ESKT7G12-10043,0.0,0.0
ESKT7G12-10051,0.0,0.0
ESKT7G12-10052,0.0,0.0
ESKT7G12-10053,0.0,0.0
ESKT7G12-10054,35.520686,139.357947
ESKT7G12-10057,0.0,0.0
ESKT7G12-10058,0.0,0.0
ESKT7G12-10059,0.0,0.0
ESKT7G12-10060,0.0,0.0
ESKT7G12-10061,0.0,0.0
ESKT7G12-10062,0.0,0.0
ESKT7G12-10063,0.0,0.0
ESKT7G12-10064,0.0,0.0
ESKT7G12-10068,0.0,0.0
ESKT7G12-10069,0.0,0.0
ESKT7G12-10070,0.0,0.0
ESKT7G12-10073,0.0,0.0
ESKT7G12-10074,0.0,0.0
ESKT7G12-10076,0.0,0.0
ESKT7G12-10077,0.0,0.0
ESKT7G12-10078,0.0,0.0
ESKT7G12-10079,0.0,0.0
ESKT7G12-10080,0.0,0.0
ESKT7G06-10001,0.0,0.0
ESKT7G06-10013,0.0,0.0
ESKT7G06-10014,0.0,0.0
ESKT7G06-10017,0.0,0.0
ESKT7G06-10018,0.0,0.0
ESKT7G06-10030,0.0,0.0
ESKT7G06-10040,0.0,0.0
ESKT7F22-09249,0.0,0.0
ESKT7F21-09241,0.0,0.0
ESKT7F21-09242,35.784769,139.337361
ESKT7F21-09247,35.192847,140.218117
ESKT7F16-09201,0.0,0.0
ESKT7F16-09207,0.0,0.0
ESKT7F16-09209,36.150853,137.941558
ESKT7F16-09210,35.577744,138.463858
ESKT7F16-09211,36.154122,137.941203
ESKT7F16-09221,0.0,0.0
ESKT7F16-09235,36.188828,138.286119
ESKT7F16-09236,0.0,0.0
ESKT7F14-09172,0.0,0.0
ESKT7F14-09177,35.578208,139.61785
ESKT7F14-09189,0.0,0.0
ESKT7F14-09193,0.0,0.0
ESKT7F14-09159,0.0,0.0
ESKT7F14-09162,0.0,0.0
ESKT7F14-09164,0.0,0.0
ESKT7F07-09135,0.0,0.0
ESKT7F07-09136,0.0,0.0
ESKT7F07-09138,0.0,0.0
ESKT7F07-09142,0.0,0.0
ESKT7F07-09145,0.0,0.0
ESKT7F07-09150,0.0,0.0
ESKT7F07-09151,0.0,0.0
ESKT7F07-09158,0.0,0.0
ESKT7D28-09042,0.0,0.0
ESKT7D28-09044,0.0,0.0
ESKT7B09-07241,0.0,0.0
ESKT7E08-09083,0.0,0.0
ESKT7E08-09087,0.0,0.0
ESKT7E08-09089,35.554536,139.78655
ESKT7E08-09091,35.424625,139.49865
ESKT7E08-09092,35.051567,138.914
ESKT7E08-09093,0.0,0.0
ESKT7E08-09097,0.0,0.0
ESKT7E08-09104,35.208478,136.751853
ESKT7E08-09106,36.207406,137.922161
ESKT7E08-09109,0.0,0.0
ESKT7E08-09110,0.0,0.0
ESKT7E08-09113,35.69465,139.946986
ESKT7D28-09036,35.5266,139.741967
ESKT7D28-09041,36.161892,137.840836
ESKT7D28-09049,0.0,0.0
ESKT7D28-09053,0.0,0.0
ESKT7D28-09054,0.0,0.0
ESKT7D28-09057,0.0,0.0
ESKT7D28-09059,0.0,0.0
ESKT7D28-09063,0.0,0.0
ESKT7D28-09064,0.0,0.0
ESKT7D28-09068,0.0,0.0
ESKT7D28-09069,0.0,0.0
ESKT7D28-09070,0.0,0.0
ESKT7D28-09071,0.0,0.0
ESKT7D28-09073,35.723844,140.619683
ESKT7D21-08246,0.0,0.0
ESKT7D21-08248,0.0,0.0
ESKT7D21-08250,0.0,0.0
ESKT7D21-09003,0.0,0.0
ESKT7D21-09006,0.0,0.0
ESKT7D21-09014,0.0,0.0
ESKT7D21-09016,0.0,0.0
ESKT7D21-09030,0.0,0.0
ESKT7A27-07159,0.0,0.0
ESKT7D13-08205,0.0,0.0
ESKT7D13-08206,0.0,0.0
ESKT7D13-08207,0.0,0.0
ESKT7D13-08210,35.432206,139.328019
ESKT7D13-08211,35.731408,140.694628
ESKT7D13-08214,0.0,0.0
ESKT7D13-08217,0.0,0.0
ESKT7D13-08218,0.0,0.0
ESKT7D13-08219,0.0,0.0
ESKT7D13-08225,0.0,0.0
ESKT7D13-08226,0.0,0.0
ESKT7D13-08229,0.0,0.0
ESKT7D13-08231,0.0,0.0
ESKT7D13-08232,0.0,0.0
ESKT7D13-08233,0.0,0.0
ESKT7D13-08234,0.0,0.0
ESKT7D13-08240,0.0,0.0
ESKT7D13-08242,35.425044,139.652436
ESKT7D12-08166,35.480794,139.652511
ESKT7D12-08171,0.0,0.0
ESKT7D12-08174,0.0,0.0
ESKT7D12-08185,0.0,0.0
ESKT7D12-08188,35.440706,139.686619
ESKT7D12-08191,0.0,0.0
ESKT7D12-08201,35.370142,139.271544
ESKT7C15-08125,0.0,0.0
ESKT7C24-08161,0.0,0.0
ESKT7C24-08163,0.0,0.0
ESKT7B09-08001,0.0,0.0
ESKT7C15-08119,0.0,0.0
ESKT7C15-08123,0.0,0.0
ESKT7C15-08124,35.572436,140.175689
ESKT7C15-08126,0.0,0.0
ESKT7C15-08129,0.0,0.0
ESKT7C15-08130,0.0,0.0
ESKT7C15-08134,0.0,0.0
ESKT7C15-08139,0.0,0.0
ESKT7C15-08143,0.0,0.0
ESKT7C15-08145,0.0,0.0
ESKT7C15-08146,0.0,0.0
ESKT7C15-08150,0.0,0.0
ESKT7C15-08151,35.424719,139.498808
ESKT6J18-06048,35.611086,140.1749
ESKT7C02-08040,35.554864,139.786139
ESKT7C02-08042,0.0,0.0
ESKT7C02-08043,0.0,0.0
ESKT7C02-08044,36.181736,137.847886
ESKT7C02-08049,0.0,0.0
ESKT7C02-08059,0.0,0.0
ESKT7C02-08075,35.530342,139.598675
ESKT7C02-08078,0.0,0.0
ESKT7C02-08087,0.0,0.0
ESKT7C02-08095,0.0,0.0
ESKT7C02-08103,35.440483,139.418278
ESKT7C02-08105,0.0,0.0
ESKT7C02-08112,0.0,0.0
ESKT7A06-07114,0.0,0.0
ESKT6L05-07009,35.519325,139.589458
ESKT6J13-06006,0.0,0.0
ESKT6L15-07072,0.0,0.0
ESKT7A06-07079,0.0,0.0
ESKT7A06-07087,0.0,0.0
ESKT6E24-04137,0.0,0.0
ESKT6K28-06201,0.0,0.0
ESKT7B09-07206,0.0,0.0
ESKT7B09-07225,0.0,0.0
ESKT7B09-07226,0.0,0.0
ESKT7B09-07230,0.0,0.0
ESKT7B09-07231,0.0,0.0
ESKT7B09-08009,0.0,0.0
ESKT7B09-08028,35.546394,140.184275
ESKT7B09-08033,0.0,0.0
ESKT6L05-07034,0.0,0.0
ESKT6K28-06203,0.0,0.0
ESKT6L05-06205,0.0,0.0
ESKT7B03-07187,0.0,0.0
ESKT7B03-07194,0.0,0.0
ESKT7B03-07196,0.0,0.0
ESKT7B03-07197,0.0,0.0
ESKT7B03-07198,0.0,0.0
ESKT6K28-06196,0.0,0.0
ESKT6L05-07007,0.0,0.0
ESKT6K28-06195,0.0,0.0
ESKT7A20-07119,0.0,0.0
ESKT7A20-07122,0.0,0.0
ESKT7A20-07124,0.0,0.0
ESKT7A20-07129,35.574658,139.513319
ESKT7A20-07130,35.832178,139.841222
ESKT7A20-07135,0.0,0.0
ESKT7A20-07146,0.0,0.0
ESKT7A20-07147,35.855894,140.005078
ESKT7A20-07151,35.670597,140.515244
ESKT6K28-06183,35.725969,140.668767
ESKT6J18-06061,0.0,0.0
ESKT6J18-06065,0.0,0.0
ESKT6J18-06073,0.0,0.0
ESKT6K28-06177,0.0,0.0
ESKT6L05-06235,0.0,0.0
ESKT7A06-07076,0.0,0.0
ESKT7A06-07082,0.0,0.0
ESKT7A06-07085,0.0,0.0
ESKT7A06-07088,0.0,0.0
ESKT7A06-07089,0.0,0.0
ESKT7A06-07091,0.0,0.0
ESKT7A06-07093,0.0,0.0
ESKT7A06-07094,0.0,0.0
ESKT7A06-07096,0.0,0.0
ESKT7A06-07102,0.0,0.0
ESKT7A06-07108,0.0,0.0
ESKT7A06-07110,0.0,0.0
ESKT6K28-06179,0.0,0.0
ESKT6K28-06180,0.0,0.0
ESKT6L05-06232,0.0,0.0
ESKT6K28-06187,0.0,0.0
ESKT6K07-06108,0.0,0.0
ESKT6K07-06121,35.193183,140.218269
ESKT6K16-06159,0.0,0.0
ESKT6K07-06091,0.0,0.0
ESKT6L15-07036,0.0,0.0
ESKT6L15-07039,0.0,0.0
ESKT6L15-07041,0.0,0.0
ESKT6L15-07071,35.549428,140.241458
ESKT6L05-06210,0.0,0.0
ESKT6L05-06218,0.0,0.0
ESKT6L05-06226,0.0,0.0
ESKT6L05-06239,0.0,0.0
ESKT6L05-07008,0.0,0.0
ESKT6L05-07033,0.0,0.0
ESKT6K16-06145,0.0,0.0
ESKT6K16-06146,0.0,0.0
ESKT6K07-06090,0.0,0.0
ESKT6K28-06168,0.0,0.0
ESKT6K28-06169,0.0,0.0
ESKT6K28-06174,0.0,0.0
ESKT6K28-06178,0.0,0.0
ESKT6K28-06188,0.0,0.0
ESKT6K28-06193,0.0,0.0
ESKT6K28-06194,35.489256,137.858894
ESKT6J18-06079,0.0,0.0
ESKT6J18-06080,0.0,0.0
ESKT6J18-06083,0.0,0.0
ESKT6J18-06084,0.0,0.0
ESKT6I16-05214,0.0,0.0
ESKT6K16-06129,0.0,0.0
ESKT6K16-06150,0.0,0.0
ESKT6K16-06151,0.0,0.0
ESKT6K16-06152,0.0,0.0
ESKT6K16-06153,0.0,0.0
ESKT6K16-06154,0.0,0.0
ESKT6K16-06158,0.0,0.0
ESKT6K16-06160,0.0,0.0
ESKT6H23-05139,35.427692,139.919178
ESKT6K07-06085,0.0,0.0
ESKT6H09-05106,35.574717,139.513556
ESKT6H23-05166,0.0,0.0
ESKT6J18-06046,0.0,0.0
ESKT6J18-06066,0.0,0.0
ESKT6K07-06087,0.0,0.0
ESKT6K07-06102,0.0,0.0
ESKT6K07-06104,0.0,0.0
ESKT6K07-06106,0.0,0.0
ESKT6K07-06113,0.0,0.0
ESKT6K07-06114,0.0,0.0
ESKT6I16-06004,0.0,0.0
ESKT6F24-04201,35.338294,139.933556
ESKT6H23-05160,0.0,0.0
ESKT6I16-05232,0.0,0.0
ESKT6G21-05015,0.0,0.0
ESKT6J18-06049,0.0,0.0
ESKT6J18-06055,0.0,0.0
ESKT6J18-06056,0.0,0.0
ESKT6J18-06058,0.0,0.0
ESKT6J18-06067,0.0,0.0
ESKT6J18-06068,0.0,0.0
ESKT6J18-06069,0.0,0.0
ESKT6J18-06081,0.0,0.0
ESKT6J13-06007,0.0,0.0
ESKT6J13-06009,0.0,0.0
ESKT6J13-06011,0.0,0.0
ESKT6J13-06013,0.0,0.0
ESKT6J13-06017,0.0,0.0
ESKT6J13-06034,0.0,0.0
ESKT6J13-06038,0.0,0.0
ESKT6G21-05024,0.0,0.0
ESKT6G21-05027,0.0,0.0
ESKT6E31-04156,0.0,0.0
ESKT6G21-05034,35.726192,140.668597
ESKT6G21-05050,35.725717,140.670947
ESKT6E31-04161,0.0,0.0
ESKT5L14-02214,0.0,0.0
ESKT6A14-03053,0.0,0.0
ESKT6H09-05115,0.0,0.0
ESKT6I16-05182,0.0,0.0
ESKT6I16-05184,0.0,0.0
ESKT6I16-05197,0.0,0.0
ESKT6I16-05200,0.0,0.0
ESKT6I16-05208,0.0,0.0
ESKT6I16-05213,35.576658,139.504633
ESKT6I16-05215,0.0,0.0
ESKT6I16-05216,36.187011,138.285503
ESKT6I16-05224,36.04415,138.150867
ESKT6I16-05231,35.639286,139.741619
ESKT6I16-05235,35.591533,139.827528
ESKT6I16-05242,0.0,0.0
ESKT6I16-05245,0.0,0.0
ESKT6I16-05246,0.0,0.0
ESKT6I16-05247,0.0,0.0
ESKT6H09-05111,35.49855,139.771917
ESKT6E31-04168,0.0,0.0
ESKT6E31-04173,0.0,0.0
ESKT6E31-04157,0.0,0.0
ESKT6E31-04171,0.0,0.0
ESKT6G25-05076,0.0,0.0
ESKT5L14-02217,0.0,0.0
ESKT6F24-04208,0.0,0.0
ESKT6G25-05055,0.0,0.0
ESKT6G25-05070,36.067578,140.070703
ESKT6F24-04197,0.0,0.0
ESKT6F27-04250,0.0,0.0
ESKT6H23-05137,0.0,0.0
ESKT6H23-05138,0.0,0.0
ESKT6H23-05142,35.749425,139.709644
ESKT6H23-05147,0.0,0.0
ESKT6H23-05154,0.0,0.0
ESKT6H23-05157,35.629544,138.590703
ESKT6H23-05168,0.0,0.0
ESKT6F27-04228,0.0,0.0
ESKT6H09-05101,0.0,0.0
ESKT6H09-05117,35.4713,137.855767
ESKT6H09-05119,0.0,0.0
ESKT6H09-05120,0.0,0.0
ESKT6H09-05123,35.684939,139.945308
ESKT6H09-05134,0.0,0.0
ESKT6E31-04145,0.0,0.0
ESKT6G25-05053,0.0,0.0
ESKT6G25-05057,0.0,0.0
ESKT6G25-05061,0.0,0.0
ESKT6G25-05068,0.0,0.0
ESKT6G25-05077,0.0,0.0
ESKT5L14-02174,35.878419,138.2337
ESKT6G21-05013,0.0,0.0
ESKT6G21-05021,0.0,0.0
ESKT6G21-05025,0.0,0.0
ESKT6G21-05026,0.0,0.0
ESKT6G21-05032,0.0,0.0
ESKT6G21-05036,35.672142,139.841794
ESKT6G21-05038,35.681981,139.764644
ESKT6G21-05040,0.0,0.0
ESKT6G21-05041,0.0,0.0
ESKT6E24-04136,0.0,0.0
ESKT6E24-04117,0.0,0.0
ESKT6E24-04139,0.0,0.0
ESKT6E31-04147,0.0,0.0
ESKT6E24-04127,0.0,0.0
ESKT6A05-03019,0.0,0.0
ESKT6C10-03245,0.0,0.0
ESKT5L10-02132,0.0,0.0
ESKT6F27-04225,0.0,0.0
ESKT6F27-04230,0.0,0.0
ESKT6F27-04232,0.0,0.0
ESKT6F27-05007,0.0,0.0
ESKT6D25-04081,0.0,0.0
ESKT6D25-04085,0.0,0.0
ESKT6F24-04185,0.0,0.0
ESKT6F24-04199,36.182569,137.847406
ESKT6F24-04202,0.0,0.0
ESKT6F24-04203,0.0,0.0
ESKT6F24-04204,0.0,0.0
ESKT6F24-04205,0.0,0.0
ESKT6F24-04209,35.835108,139.854889
ESKT6F24-04211,0.0,0.0
ESKT6F24-04217,0.0,0.0
ESKT6A05-02246,0.0,0.0
ESKT6C10-04005,0.0,0.0
ESKT6C10-04006,0.0,0.0
ESKT6C10-04007,0.0,0.0
ESKT6D21-04040,35.59455,139.536067
ESKT6A05-03006,0.0,0.0
ESKT6A14-03036,0.0,0.0
ESKT6D25-04084,0.0,0.0
ESKT5L14-02181,0.0,0.0
ESKT5L14-02182,0.0,0.0
ESKT6D25-04082,0.0,0.0
ESKT6A20-03072,0.0,0.0
ESKT6C02-03207,0.0,0.0
ESKT6C10-04008,0.0,0.0
ESKT6E31-04142,35.672008,139.842364
ESKT6E31-04146,0.0,0.0
ESKT6E31-04158,0.0,0.0
ESKT6E31-04170,0.0,0.0
ESKT6E31-04177,0.0,0.0
ESKT6A20-03073,0.0,0.0
ESKT6A05-03028,0.0,0.0
ESKT6A14-03051,0.0,0.0
ESKT6C10-03250,0.0,0.0
ESKT5L14-02222,0.0,0.0
ESKT6E24-04106,0.0,0.0
ESKT6E24-04107,0.0,0.0
ESKT6E24-04120,0.0,0.0
ESKT6E24-04124,0.0,0.0
ESKT6E24-04125,35.730144,139.42285
ESKT6E24-04129,36.069592,138.091853
ESKT6C10-03249,0.0,0.0
ESKT6B16-03178,0.0,0.0
ESKT6C02-03226,0.0,0.0
ESKT6C10-03247,0.0,0.0
ESKT6C10-04009,0.0,0.0
ESKT6D21-04025,0.0,0.0
ESKT6D21-04026,0.0,0.0
ESKT6D25-04075,0.0,0.0
ESKT6D25-04090,0.0,0.0
ESKT6D25-04091,0.0,0.0
ESKT6D25-04092,0.0,0.0
ESKT6D25-04093,0.0,0.0
ESKT6D25-04101,0.0,0.0
ESKT5I01-01124,0.0,0.0
ESKT6D21-04028,0.0,0.0
ESKT6D21-04029,0.0,0.0
ESKT6D21-04030,0.0,0.0
ESKT6D21-04032,0.0,0.0
ESKT6D21-04042,0.0,0.0
ESKT6D21-04044,35.629736,138.591067
ESKT6D21-04053,0.0,0.0
ESKT6D21-04056,35.931361,138.296147
ESKT6A20-03095,0.0,0.0
ESKT6A20-03082,0.0,0.0
ESKT6A20-03084,0.0,0.0
ESKT5K05-02075,35.187425,140.347414
ESKT6A20-03078,35.516928,140.140778
ESKT6A20-03079,0.0,0.0
ESKT5I04-01132,0.0,0.0
ESKT6A05-02243,0.0,0.0
ESKT6A05-02244,0.0,0.0
ESKT6A14-03070,0.0,0.0
ESKT6C10-03244,0.0,0.0
ESKT6C10-03246,35.865525,137.939294
ESKT6C10-04017,0.0,0.0
ESKT6C10-04018,0.0,0.0
ESKT6C10-04020,0.0,0.0
ESKT6C02-03200,0.0,0.0
ESKT6C02-03201,0.0,0.0
ESKT6C02-03202,0.0,0.0
ESKT6C02-03214,0.0,0.0
ESKT6C02-03216,0.0,0.0
ESKT6C02-03217,0.0,0.0
ESKT6C02-03229,0.0,0.0
ESKT6A05-02245,0.0,0.0
ESKT6A05-02247,0.0,0.0
ESKT6A05-03008,0.0,0.0
ESKT5L10-02153,0.0,0.0
ESKT5L10-02151,0.0,0.0
ESKT5L14-02209,35.531542,139.536144
ESKT6A05-02248,0.0,0.0
ESKT6B16-03152,0.0,0.0
ESKT6B16-03153,0.0,0.0
ESKT6B16-03161,0.0,0.0
ESKT6B16-03167,0.0,0.0
ESKT6B16-03175,0.0,0.0
ESKT6B16-03191,0.0,0.0
ESKT5L14-02202,35.608836,140.1694
ESKT5L14-02220,0.0,0.0
ESKT5G22-01008,0.0,0.0
ESKT5L10-02125,35.526681,139.741931
ESKT6B09-03115,0.0,0.0
ESKT6B09-03118,35.592761,139.533053
ESKT6B09-03122,0.0,0.0
ESKT6B09-03123,0.0,0.0
ESKT6B09-03127,0.0,0.0
ESKT6B09-03128,0.0,0.0
ESKT6B09-03134,0.0,0.0
ESKT6B09-03135,35.703742,139.308761
ESKT6B09-03138,0.0,0.0
ESKT6B09-03151,0.0,0.0
ESKT5J09-02040,0.0,0.0
ESKT6A20-03076,0.0,0.0
ESKT6A20-03083,0.0,0.0
ESKT6A20-03089,0.0,0.0
ESKT6A20-03090,0.0,0.0
ESKT6A20-03091,0.0,0.0
ESKT6A20-03102,0.0,0.0
ESKT6A20-03104,0.0,0.0
ESKT6A20-03109,0.0,0.0
ESKT5L10-02140,0.0,0.0
ESKT5L10-02159,0.0,0.0
ESKT6A14-03039,0.0,0.0
ESKT6A14-03042,0.0,0.0
ESKT6A14-03058,0.0,0.0
ESKT6A14-03071,0.0,0.0
ESKT5I01-01130,0.0,0.0
ESKT6A05-02249,0.0,0.0
ESKT6A05-03002,0.0,0.0
ESKT6A05-03005,0.0,0.0
ESKT6A05-03018,0.0,0.0
ESKT6A05-03020,0.0,0.0
ESKT5L10-02136,0.0,0.0
ESKT5L10-02126,0.0,0.0
ESKT5K05-02076,0.0,0.0
ESKT5G13-27188,0.0,0.0
ESKT5I04-01140,35.623433,139.728353
ESKT5K05-02054,0.0,0.0
ESKT5G13-27178,0.0,0.0
ESKT5H07-01079,0.0,0.0
ESKT5K17-02119,0.0,0.0
ESKT5L14-02163,0.0,0.0
ESKT5L14-02175,35.476353,137.854558
ESKT5L14-02178,35.793178,139.376831
ESKT5L14-02195,0.0,0.0
ESKT5L14-02197,0.0,0.0
ESKT5L14-02207,0.0,0.0
ESKT5L14-02215,0.0,0.0
ESKT5L14-02218,0.0,0.0
ESKT5L14-02227,0.0,0.0
ESKT5L14-02238,0.0,0.0
ESKT5I04-01206,0.0,0.0
ESKT5F05-27100,0.0,0.0
ESKT5L10-02124,35.958961,138.194133
ESKT5L10-02134,0.0,0.0
ESKT5L10-02138,0.0,0.0
ESKT5L10-02141,0.0,0.0
ESKT5L10-02145,0.0,0.0
ESKT5L10-02146,0.0,0.0
ESKT5L10-02148,0.0,0.0
ESKT5L10-02158,0.0,0.0
ESKT5I30-01237,0.0,0.0
ESKT5I30-01238,0.0,0.0
ESKT5I04-01193,0.0,0.0
ESKT5K05-02061,0.0,0.0
ESKT5K05-02066,0.0,0.0
ESKT5F05-27088,35.662142,139.703778
ESKT5J09-02035,0.0,0.0
ESKT5I30-01219,0.0,0.0
ESKT5I30-01229,0.0,0.0
ESKT5I30-01245,0.0,0.0
ESKT5H07-01062,0.0,0.0
ESKT5I04-01201,35.608958,140.169575
ESKT5I30-01248,0.0,0.0
ESKT5J09-02015,35.444117,139.655736
ESKT5K17-02084,0.0,0.0
ESKT5K17-02087,0.0,0.0
ESKT5K17-02106,0.0,0.0
SKT5J09-02006,35.511,139.589414
ESKT5I30-01225,0.0,0.0
ESKT5I30-01226,0.0,0.0
ESKT5I30-01236,0.0,0.0
ESKT5J09-02014,0.0,0.0
ESKT5J09-02020,35.371061,140.292442
ESKT5J09-02005,0.0,0.0
ESKT5K05-02042,0.0,0.0
ESKT5K05-02043,0.0,0.0
ESKT5K05-02046,0.0,0.0
ESKT5K05-02049,0.0,0.0
ESKT5K05-02077,0.0,0.0
ESKT5F04-27037,0.0,0.0
ESKT5F04-27040,0.0,0.0
ESKT5I04-01200,35.481067,140.146675
ESKT5I30-01212,0.0,0.0
ESKT5I01-01129,0.0,0.0
ESKT5J09-02001,0.0,0.0
ESKT5J09-02002,0.0,0.0
ESKT5J09-02003,35.70255,140.184036
ESKT5J09-02010,36.424408,137.864625
ESKT5J09-02011,0.0,0.0
ESKT5J09-02012,0.0,0.0
ESKT5J09-02016,0.0,0.0
ESKT5J09-02029,0.0,0.0
ESKT5J09-02033,0.0,0.0
ESKT5J09-02036,0.0,0.0
ESKT5I04-01168,35.440131,140.038133
ESKT5G13-27182,0.0,0.0
ESKT5I30-01215,0.0,0.0
ESKT5I30-01216,36.424333,137.864689
ESKT5I30-01234,0.0,0.0
ESKT5I30-01242,0.0,0.0
ESKT5I30-01243,0.0,0.0
ESKT5I30-01246,0.0,0.0
ESKT5I30-01247,35.703936,137.890903
ESKT5I30-01249,0.0,0.0
ESKT5H10-01081,35.396517,140.320086
ESKT5H07-01067,0.0,0.0
ESKT5I04-01138,0.0,0.0
ESKT5I01-01103,0.0,0.0
ESKT5F08-27122,35.613367,139.607047
ESKT5I04-01131,0.0,0.0
ESKT5I04-01146,35.687261,140.228069
ESKT5I04-01155,0.0,0.0
ESKT5I04-01162,0.0,0.0
ESKT5I04-01163,0.0,0.0
ESKT5I04-01167,0.0,0.0
ESKT5I04-01169,0.0,0.0
ESKT5I04-01170,0.0,0.0
ESKT5I04-01173,0.0,0.0
ESKT5I04-01180,0.0,0.0
ESKT5I04-01183,0.0,0.0
ESKT5I04-01185,0.0,0.0
ESKT5I04-01190,0.0,0.0
ESKT5I04-01192,0.0,0.0
ESKT5I04-01199,0.0,0.0
ESKT5I04-01204,0.0,0.0
ESKT5G22-01015,0.0,0.0
ESKT5I01-01099,0.0,0.0
ESKT5I01-01100,0.0,0.0
ESKT5I01-01109,0.0,0.0
ESKT5I01-01110,0.0,0.0
ESKT5I01-01112,0.0,0.0
ESKT5I01-01120,0.0,0.0
ESKT5I01-01121,0.0,0.0
ESKT5I01-01122,0.0,0.0
ESKT5G22-01032,0.0,0.0
ESKT5G22-01005,0.0,0.0
ESKT5G13-27164,0.0,0.0
ESKT5H10-01085,0.0,0.0
ESKT5H10-01087,0.0,0.0
ESKT5H10-01089,0.0,0.0
ESKT5H07-01053,35.574858,139.514242
ESKT5H07-01063,0.0,0.0
ESKT5H07-01066,0.0,0.0
ESKT5H07-01072,0.0,0.0
ESKT5H07-01073,0.0,0.0
ESKT5H07-01076,0.0,0.0
ESKT5F05-27068,35.999889,136.213192
ESKT5F04-27029,0.0,0.0
ESKT5F05-27074,0.0,0.0
ESKT5F05-27082,0.0,0.0
ESKT5G22-01001,0.0,0.0
ESKT5G22-01003,0.0,0.0
ESKT5G22-01016,0.0,0.0
ESKT5G22-01024,0.0,0.0
ESKT5G22-01026,0.0,0.0
ESKT5G22-01028,0.0,0.0
ESKT5G22-01039,0.0,0.0
ESKT5F05-27085,36.102258,136.298519
ESKT5F05-27076,35.631292,140.136833
ESKT5F04-27048,35.461333,139.690278
ESKT5G13-27160,35.594678,139.536153
ESKT5G13-27162,34.662761,136.313558
ESKT5G13-27163,35.511617,139.712958
ESKT5G13-27165,35.498797,139.772175
ESKT5G13-27166,0.0,0.0
ESKT5G13-27175,35.064831,136.790367
ESKT5G13-27176,0.0,0.0
ESKT5G13-27181,36.482944,137.854333
ESKT5G13-27189,0.0,0.0
ESKT5G13-27194,0.0,0.0
ESKT5D14-26203,35.37215,140.295792
ESKT5A16-25149,36.987903,136.960775
ESKT5A16-25161,36.339447,137.886042
ESKT5A16-25159,36.842375,137.528603
ESKT5B02-26008,34.891119,138.0899
ESKT5B02-26011,34.8507,138.131561
ESKT5A19-25219,34.850003,138.131406
ESKT5F08-27103,0.0,0.0
ESKT5F08-27104,0.0,0.0
ESKT5F08-27110,0.0,0.0
ESKT5F08-27124,0.0,0.0
ESKT5F08-27136,34.691383,136.480419
ESKT5F08-27142,36.017606,140.059914
ESKT5A19-25214,36.595456,136.768569
ESKT5B02-26007,36.632544,136.913175
ESKT5B02-26009,36.626361,136.638111
ESKT5F05-27066,35.484008,139.505144
ESKT5F05-27077,0.0,0.0
ESKT5F05-27090,34.671842,135.225644
ESKT5F05-27093,0.0,0.0
ESKT5F05-27095,0.0,0.0
ESKT5F05-27096,35.737147,140.066783
ESKT5F04-27025,0.0,0.0
ESKT5F04-27028,0.0,0.0
ESKT5F04-27035,35.540458,139.604089
ESKT5F04-27043,36.963028,140.920308
ESKT5F04-27047,0.0,0.0
ESKT5F04-27049,34.742825,136.4512
ESKT5F04-27061,35.603922,139.479133
ESKT5A19-25222,35.757733,136.17155
ESKT5A19-25224,35.930025,136.160986
ESKT5D14-26196,35.639519,140.122658
ESKT5E29-27002,0.0,0.0
ESKT5B02-25246,36.680419,137.001517
ESKT5A16-25146,35.106414,137.564336
ESKT5B16-26112,0.0,0.0
ESKT5B16-26160,36.654694,137.124339
ESKT5B04-26021,0.0,0.0
ESKT5B16-26132,0.0,0.0
ESKT5B16-26116,36.4617,137.020658
ESKT5B16-26134,0.0,0.0
ESKT5D22-26219,0.0,0.0
ESKT5D22-26220,0.0,0.0
ESKT5D22-26225,35.564194,139.369758
ESKT5D22-26226,0.0,0.0
ESKT5D22-26231,35.687286,139.581267
ESKT5D22-26244,35.441386,139.673836
ESKT5D14-26188,0.0,0.0
ESKT5D14-26208,35.647339,139.369044
ESKT5D14-26211,0.0,0.0
ESKT5D14-26213,35.613675,139.404542
ESKT5A19-25220,0.0,0.0
ESKT5B04-26025,35.799506,140.364731
ESKT5B04-26039,0.0,0.0
ESKT5B02-25238,0.0,0.0
ESKT5A19-25175,0.0,0.0
ESKT5B16-26067,0.0,0.0
ESKT5B16-26074,35.427436,139.682358
ESKT5B16-26083,35.546694,139.762947
ESKT5B16-26098,35.691719,139.699019
ESKT5B16-26099,35.690967,139.700017
ESKT5B16-26100,36.420978,137.944453
ESKT5B16-26118,35.64485,137.614725
ESKT5B16-26121,35.206425,136.985303
ESKT5B16-26127,36.129172,137.250672
ESKT5B16-26144,0.0,0.0
ESKT5B16-26151,0.0,0.0
ESKT5B16-26159,0.0,0.0
ESKT5B04-26024,0.0,0.0
ESKT5B04-26030,35.810919,139.664242
ESKT5B04-26037,0.0,0.0
ESKT5B04-26043,35.6988,140.159197
ESKT5B04-26044,35.33,139.351944
ESKT5B04-26047,35.953517,138.203736
ESKT5B04-26050,36.457483,138.03645
ESKT5B04-26058,36.095703,139.898989
ESKT5B02-25234,36.182442,137.851975
ESKT5B02-25237,0.0,0.0
ESKT5B02-25239,35.443572,139.509533
ESKT5B02-25245,35.776581,139.593761
ESKT5B02-25250,34.474653,136.323983
ESKT5B02-26002,0.0,0.0
ESKT5B02-26006,36.243592,140.198553
ESKT4C04-21116,35.90935,140.218686
ESKT5A19-25170,36.073278,140.184333
ESKT5A19-25171,0.0,0.0
ESKT5A19-25172,0.0,0.0
ESKT5A19-25174,36.143925,140.106964
ESKT5A19-25181,0.0,0.0
ESKT5A19-25194,35.775981,140.402061
ESKT5A19-25206,35.473739,139.638267
ESKT5A19-25209,35.807197,140.372992
ESKT5A19-25212,36.464208,140.367936
ESKT5A19-25215,35.455003,136.5801
ESKT5A19-25217,35.373606,139.58105
ESKT5A16-25139,0.0,0.0
ESKT5A16-25140,0.0,0.0
ESKT5A16-25142,35.192617,137.090775
ESKT5A16-25144,0.0,0.0
ESKT5A16-25147,34.719794,136.49365
ESKT5A16-25148,35.498894,137.789042
ESKT5A16-25150,0.0,0.0
ESKT5A16-25153,0.0,0.0
ESKT5A16-25168,35.537353,139.634361
ESKT4L19-25108,0.0,0.0
ESKT4L19-25118,0.0,0.0
ESKT4L19-25120,0.0,0.0
ESKT4L19-25121,35.332636,136.987178
ESKT4L19-25124,0.0,0.0
ESKT4L19-25125,0.0,0.0
ESKT4L19-25127,26.690275,127.924006
ESKT4L19-25128,0.0,0.0
ESKT4L19-25129,0.0,0.0
ESKT4L19-25131,35.416042,139.418753
ESKT7L06-11188,35.702511,140.186869
ESKT4G08-23133,0.0,0.0
ESKT4L11-25004,0.0,0.0
ESKT4L11-25007,34.748061,136.460394
ESKT4L11-25037,0.0,0.0
ESKT4L11-25038,0.0,0.0
ESKT4L11-25052,0.0,0.0
ESKT4L11-25054,35.180303,137.119386
ESKT4L11-25055,33.770717,132.729067
ESKT4L11-25060,0.0,0.0
ESKT4G08-23135,0.0,0.0
ESKT4G08-23136,0.0,0.0
ESKT4G08-23134,0.0,0.0
ESKT4K10-24235,35.54625,140.184564
ESKT4G08-23120,0.0,0.0
ESKT4F24-23107,36.012808,136.511189
ESKT4J16-24133,35.454542,139.684794
ESKT4J16-24136,0.0,0.0
ESKT4J16-24149,35.784806,139.323833
ESKT4A24-20230,0.0,0.0
ESKT4F24-23071,0.0,0.0
ESKT4A24-20227,34.849853,138.131325
ESKT4A24-20246,0.0,0.0
ESKT4G08-23117,0.0,0.0
ESKT4F24-23056,0.0,0.0
ESKT4I22-24062,0.0,0.0
ESKT4I22-24065,0.0,0.0
ESKT4I22-24066,0.0,0.0
ESKT4I22-24072,0.0,0.0
ESKT4I22-24077,34.770342,136.133494
ESKT4I22-24085,0.0,0.0
ESKT4I22-24086,0.0,0.0
ESKT4I22-24087,35.652847,139.728678
ESKT4I22-24091,35.671558,139.656814
ESKT4A24-20243,36.194061,136.275842
ESKT4H08-23180,35.507086,140.154319
ESKT4H08-23182,39.653686,141.22815
ESKT4H08-23190,35.397747,140.318775
ESKT4H08-23193,35.688083,140.076325
ESKT4H08-23196,0.0,0.0
ESKT4H08-23198,0.0,0.0
ESKT4H08-23199,0.0,0.0
ESKT4H08-23200,0.0,0.0
ESKT4A24-20228,0.0,0.0
ESKT4C04-21115,0.0,0.0
ESKT4C04-21131,0.0,0.0
ESKT4G08-23125,35.815694,139.757089
ESKT4G08-23127,35.452569,139.68945
ESKT4G08-23131,36.064233,140.143703
ESKT4G08-23137,36.108253,138.097772
ESKT4G08-23141,0.0,0.0
ESKT4A24-20200,35.708933,140.762161
ESKT7L06-11186,0.0,0.0
ESKT4A24-20217,0.0,0.0
ESKT4A24-20188,0.0,0.0
ESKT4F24-23053,0.0,0.0
ESKT4F24-23065,36.19735,140.029214
ESKT4F24-23073,0.0,0.0
ESKT4F24-23074,36.021058,138.127083
ESKT4F24-23080,35.143425,139.842044
ESKT4F24-23081,0.0,0.0
ESKT4F24-23083,0.0,0.0
ESKT4F24-23085,0.0,0.0
ESKT4F24-23091,0.0,0.0
ESKT4F24-23095,0.0,0.0
ESKT4F24-23097,0.0,0.0
ESKT4F24-23103,35.200656,136.706969
ESKT4F24-23108,0.0,0.0
ESKT3K19-19135,35.520117,139.358336
ESKT3K19-19130,0.0,0.0
ESKT4C11-21168,0.0,0.0
ESKT4C04-21132,35.992425,140.071211
ESKT4C04-21134,35.182133,137.008394
ESKT4A24-20201,0.0,0.0
ESKT4A24-20204,0.0,0.0
ESKT4A24-20205,0.0,0.0
ESKT4A24-20206,0.0,0.0
ESKT4A24-20208,36.159739,137.239914
ESKT4A24-20209,36.158967,137.310092
ESKT4A24-20211,34.943433,136.953325
ESKT4A24-20212,0.0,0.0
ESKT4A24-20218,0.0,0.0
ESKT3K19-19095,0.0,0.0
ESKT3K19-19103,35.380031,139.456786
ESKT3K19-19107,0.0,0.0
ESKT3K19-19110,35.733211,140.808425
ESKT3K19-19118,35.879278,138.233967
ESKT3K19-19124,0.0,0.0
ESKT3K19-19128,35.607144,139.132464
ESKT3K19-19129,0.0,0.0
ESKT3K19-19145,0.0,0.0
EJSA-0040,0.0,0.0
